Book,Odds,Bet Type,Team,Expected Value (%),Probability,Difference,Line,Projection
Fanduel,-115,Under,Baltimore Orioles,19.86459982754605,0.6411362316357114,6.299999999999997,90.5,84.2
Fanduel,-110,Over,Los Angeles Angles,18.103138292306383,0.6186354862930334,-5.099999999999994,72.5,77.6
Fanduel,-110,Under,Phillidelphia Phillies,16.104259058730435,0.6081651664981118,4.599999999999994,89.5,84.9
Fanduel,-115,Over,Chicago White Sox,14.498855323454379,0.6124357377766164,-4.799999999999997,61.5,66.3
Fanduel,-105,Under,Toronto Blue Jays,10.694629495551425,0.5669724925381903,2.9000000000000057,86.5,83.6
Fanduel,-102,Over,Miami Marlins,13.857449277409287,0.5749237537770172,-3.200000000000003,77.5,80.7
Fanduel,-120,Under,Cincinatti Reds,1.9100523086641203,0.5558730125927134,2.5,81.5,79
Fanduel,-120,Under,,1.9100523086641203,0.5558730125927134,2.5,81.5,79
